{"cameraMode":{"drawMode":0,"name":"Shaded","section":"Shading Mode"},"sceneLighting":true,"audioPlay":false,"sceneViewState":{"m_AlwaysRefresh":false,"showFog":true,"showSkybox":true,"showFlares":true,"showImageEffects":true,"showParticleSystems":true,"showVisualEffectGraphs":true,"m_FxEnabled":true},"in2DMode":false,"pivot":{"x":1.3004894256591797,"y":2.8876845836639406,"z":-98.60672760009766},"rotation":{"x":-0.06323884427547455,"y":0.024225475266575815,"z":-0.001517277560196817,"w":-0.9976491332054138},"size":0.8660253882408142,"orthographic":false}