{"cameraMode":{"drawMode":0,"name":"Shaded","section":"Shading Mode"},"sceneLighting":true,"audioPlay":false,"sceneViewState":{"m_AlwaysRefresh":false,"showFog":true,"showSkybox":true,"showFlares":true,"showImageEffects":true,"showParticleSystems":true,"showVisualEffectGraphs":true,"m_FxEnabled":true},"in2DMode":false,"pivot":{"x":60.27531433105469,"y":468.85784912109377,"z":-570.8292846679688},"rotation":{"x":-0.17296265065670014,"y":-0.11448056995868683,"z":0.025165559723973275,"w":-0.9772689342498779},"size":12.531475067138672,"orthographic":false}