{"cameraMode":{"drawMode":0,"name":"Shaded","section":"Shading Mode"},"sceneLighting":true,"audioPlay":false,"sceneViewState":{"m_AlwaysRefresh":false,"showFog":true,"showSkybox":true,"showFlares":true,"showImageEffects":true,"showParticleSystems":true,"showVisualEffectGraphs":true,"m_FxEnabled":true},"in2DMode":false,"pivot":{"x":169.7364044189453,"y":275.0314025878906,"z":79.25509643554688},"rotation":{"x":-0.21592730283737184,"y":0.028484245762228967,"z":-0.0011545676970854402,"w":-0.9752933382987976},"size":195.38662719726563,"orthographic":false}