{"cameraMode":{"drawMode":0,"name":"Shaded","section":"Shading Mode"},"sceneLighting":true,"audioPlay":false,"sceneViewState":{"m_AlwaysRefresh":false,"showFog":true,"showSkybox":true,"showFlares":true,"showImageEffects":true,"showParticleSystems":true,"showVisualEffectGraphs":true,"m_FxEnabled":true},"in2DMode":false,"pivot":{"x":-237.59693908691407,"y":-27.66860580444336,"z":593.5406494140625},"rotation":{"x":-0.02173597924411297,"y":0.9410609602928162,"z":-0.04660354554653168,"w":-0.33236753940582278},"size":192.23646545410157,"orthographic":false}