{"cameraMode":{"drawMode":0,"name":"Shaded","section":"Shading Mode"},"sceneLighting":true,"audioPlay":false,"sceneViewState":{"m_AlwaysRefresh":false,"showFog":true,"showSkybox":true,"showFlares":true,"showImageEffects":true,"showParticleSystems":true,"showVisualEffectGraphs":true,"m_FxEnabled":true},"in2DMode":false,"pivot":{"x":239.5467987060547,"y":156.39990234375,"z":-221.53610229492188},"rotation":{"x":0.005736032035201788,"y":0.004092265851795673,"z":0.0048661306500434879,"w":-0.9992707967758179},"size":62.33012390136719,"orthographic":false}