{"cameraMode":{"drawMode":0,"name":"Shaded","section":"Shading Mode"},"sceneLighting":false,"audioPlay":false,"sceneViewState":{"m_AlwaysRefresh":false,"showFog":false,"showSkybox":false,"showFlares":false,"showImageEffects":false,"showParticleSystems":false,"showVisualEffectGraphs":true,"m_FxEnabled":true},"in2DMode":false,"pivot":{"x":-0.01207059621810913,"y":0.5280818939208984,"z":-0.027094990015029908},"rotation":{"x":-0.0877002477645874,"y":0.6960001587867737,"z":-0.08621954172849655,"w":-0.7073820233345032},"size":0.7361862659454346,"orthographic":false}